NAME,NUMBER,ADDRESS,EMAIL
James,6649 N Blue Gum St,504-621-8927,jbutt@gmail.com
Josephine,4 B Blue Ridge Blvd,810-292-9388,josephine_darakjy@darakjy.org
Art,8 W Cerritos Ave #54,856-636-8749,art@venere.org
Lenna,639 Main St,907-385-4412,lpaprocki@hotmail.com
Donette,34 Center St,513-570-1893,donette.foller@cox.net
Simona,3 Mcauley Dr,419-503-2484,simona@morasca.com
Mitsue,7 Eads St,773-573-6914,mitsue_tollner@yahoo.com
Leota,7 W Jackson Blvd,408-752-3500,leota@hotmail.com
Sage,5 Boston Ave #88,605-414-2147,sage_wieser@cox.net
Kris,228 Runamuck Pl #2808,410-655-8723,kris@gmail.com
Minna,2371 Jerrold Ave,215-874-1229,minna_amigon@yahoo.com
Abel,37275 St  Rt 17m M,631-335-3414,amaclead@gmail.com
Kiley,25 E 75th St #69,310-498-5651,kiley.caldarera@aol.com
Graciela,98 Connecticut Ave Nw,440-780-8425,gruta@cox.net
Cammy,56 E Morehead St,956-537-6195,calbares@gmail.com
Mattie,73 State Road 434 E,602-277-4385,mattie@aol.com
Meaghan,69734 E Carrillo St,931-313-9635,meaghan@hotmail.com
Gladys,322 New Horizon Blvd,414-661-9598,gladys.rim@rim.org
Yuki,1 State Route 27,313-288-7937,yuki_whobrey@aol.com
Fletcher,394 Manchester Blvd,815-828-2147,fletcher.flosi@yahoo.com
Bette,6 S 33rd St,610-545-3615,bette_nicka@cox.net
Veronika,6 Greenleaf Ave,408-540-1785,vinouye@aol.com
Willard,618 W Yakima Ave,972-303-9197,willard@hotmail.com
Maryann,74 S Westgate St,518-966-7987,mroyster@royster.com
Alisha,3273 State St,732-658-3154,alisha@slusarski.com
Allene,1 Central Ave,715-662-6764,allene_iturbide@cox.net
Chanel,86 Nw 66th St #8673,913-388-2079,chanel.caudy@caudy.org
Ezekiel,2 Cedar Ave #84,410-669-1642,ezekiel@chui.com
Willow,90991 Thorburn Ave,212-582-4976,wkusko@yahoo.com
Bernardo,386 9th Ave N,936-336-3951,bfigeroa@aol.com
Ammie,74874 Atlantic Ave,614-801-9788,ammie@corrio.com
Francine,366 South Dr,505-977-3911,francine_vocelka@vocelka.com
Ernie,45 E Liberty St,201-709-6245,ernie_stenseth@aol.com
Albina,4 Ralph Ct,732-924-7882,albina@glick.com
Alishia,2742 Distribution Way,212-860-1579,asergi@gmail.com
Solange,426 Wolf St,504-979-9175,solange@shinko.com
Jose,128 Bransten Rd,212-675-8570,jose@yahoo.com
Rozella,17 Morena Blvd,805-832-6163,rozella.ostrosky@ostrosky.com
Valentine,775 W 17th St,210-812-9597,valentine_gillian@gmail.com
Kati,6980 Dorsett Rd,785-463-7829,kati.rulapaugh@hotmail.com
Youlanda,2881 Lewis Rd,541-548-8197,youlanda@aol.com
Dyan,7219 Woodfield Rd,913-413-4604,doldroyd@aol.com
Roxane,1048 Main St,907-231-4722,roxane@hotmail.com
Lavera,678 3rd Ave,305-606-7291,lperin@perin.org
Erick,20 S Babcock St,907-741-1044,erick.ferencz@aol.com
Fatima,2 Lighthouse Ave,952-768-2416,fsaylors@saylors.org
Jina,38938 Park Blvd,617-399-5124,jina_briddick@briddick.com
Kanisha,5 Tomahawk Dr,323-453-2780,kanisha_waycott@yahoo.com
Emerson,762 S Main St,608-336-7444,emerson.bowley@bowley.org
Blair,209 Decker Dr,215-907-9111,bmalet@yahoo.com
